<?xml version="1.0" encoding="UTF-8"?>
<aiml>
<category> 
  <pattern>*要听*</pattern> 
  <template> 
    <random> 
      <li>我也喜欢听。</li> 
      <li>你喜欢什么音乐？</li> 
      <li>ok~~~</li> 
      <li>听听音乐可以放松心情。</li> 
    </random> 
  </template> 
</category> 
 
<category> 
  <pattern>*想听*</pattern> 
  <template> 
    <random> 
      <li>我也喜欢听。</li> 
      <li>你喜欢什么音乐？</li> 
      <li>ok~~~</li> 
      <li>听听音乐可以放松心情。</li> 
    </random> 
  </template> 
</category> 
</aiml>