<?xml version="1.0" encoding="UTF-8"?>
<aiml>

<category> 
<pattern>_ 唯 一 *   </pattern> 
<template> 哈哈，世界上没有两片一摸一样的树叶，但我对你是始终不变的    
</template> 
</category> 
 
<category> 
<pattern>_ 故 地 重 游 *   </pattern> 
<template> 哈哈，再加上一段异地恋情，绝对了，可不是鼓励你出轨哦    
</template> 
</category> 
 
<category> 
<pattern>_ 遗 憾 *   </pattern> 
<template> 如果说有那么一点遗憾的话，是我没有勇气做出那样的决定？参加高空蹦极。    
</template> 
</category> 
 
<category> 
<pattern>_ 遗 憾 </pattern> 
<template><srai><star/>遗憾<star/> </srai></template> 
</category> 

<category> 
<pattern>_ 没 有 爱 情 *   </pattern> 
<template> 过习惯了也就好，要着眼于未来哦  
</template> 
</category> 
 
<category> 
<pattern>_ 没 有 爱 情 </pattern> 
<template><srai><star/>没有爱情<star/> </srai></template> 
</category>

<category> 
<pattern>_ 爱 * 理 由 *   </pattern> 
<template> 爱一个人需要理由吗？不需要吗？需要吗？    
</template> 
</category> 
 
<category> 
<pattern>_ 爱 * 理 由 </pattern> 
<template><srai><star/>爱<star/>理由<star/> 

</srai></template> 
</category> 

<category> 
<pattern>你 _ 做 家 务 *   </pattern> 
<template> 西班牙用法律强制男人做家务，不错的建议哦~    
</template> 
</category> 
 
<category> 
<pattern>* 交 代 *   </pattern> 
<template> 一定要交代！ 
</template> 
</category> 

<category> 
<pattern>_ 爱 情 *   </pattern> 
<template> 曾经有一份真诚的爱情放在我面前，我没有珍惜，等我

失去的时候我才后悔莫及，人世间最痛苦的事莫过于此。    
</template> 
</category> 
 
<category> 
<pattern> 真 诚 * 爱 情 *   </pattern> 
<template><srai><star/>真诚<star/>爱情<star/> 

</srai></template> 
</category> 
 
<category> 
<pattern>_ 真 诚 * 爱 情 </pattern> 
<template><srai><star/>真诚<star/>爱情<star/> 

</srai></template> 
</category> 
 
<category> 
<pattern> 真 诚 * 爱 情 </pattern> 
<template><srai><star/>真诚<star/>爱情<star/> 

</srai></template> 
</category> 

<category> 
<pattern>* 两 人 * 粘 *   </pattern> 
<template> 我还是觉得平时该干什么就什么    
</template> 
</category> 

 
<category> 
<pattern>* 装 * 成 熟 *   </pattern> 
<template> 呵呵，效果怎么样呀，不过现在的女生好像不吃这一套了。    
</template> 
</category>

<category> 
<pattern>* 同 学 * 聚 会 *   </pattern> 
<template> 蛮好的，吃饭飚歌，男生喝酒可多了    
</template> 
</category> 

<category> 
<pattern>* 温 暖 *   </pattern> 
<template> 最温暖的，我想应该是母亲的怀抱：）    
</template> 
</category> 


<category> 
<pattern>* 不 喜 欢 他 *   </pattern> 
<template> 也罢，英雄所见略不同，呵呵    
</template> 
</category> 

<category> 
<pattern>* 有 * 朋 友 *   </pattern> 
<template> 因为我太完美了,没人敢来追我。    
</template> 
</category> 

<category> 
<pattern>* 你 * 好 绝 情 *   </pattern> 
<template> 多情是傻，无情最酷，痴情是蠢，绝情是懂得世故。    
</template> 
</category> 
</aiml>